{"cameraMode":{"drawMode":0,"name":"Shaded","section":"Shading Mode"},"sceneLighting":true,"audioPlay":false,"sceneViewState":{"m_AlwaysRefresh":false,"showFog":true,"showSkybox":true,"showFlares":true,"showImageEffects":true,"showParticleSystems":true,"showVisualEffectGraphs":true,"m_FxEnabled":true},"in2DMode":false,"pivot":{"x":1.0613151788711548,"y":0.3853856325149536,"z":-2.6377859115600588},"rotation":{"x":0.23365849256515504,"y":-0.4297698736190796,"z":0.11617200076580048,"w":0.8644136786460877},"size":2.243643283843994,"orthographic":true}