{"cameraMode":{"drawMode":0,"name":"Shaded","section":"Shading Mode"},"sceneLighting":true,"audioPlay":false,"sceneViewState":{"m_AlwaysRefresh":false,"showFog":true,"showSkybox":true,"showFlares":true,"showImageEffects":true,"showParticleSystems":true,"showVisualEffectGraphs":true,"m_FxEnabled":true},"in2DMode":false,"pivot":{"x":3.969104290008545,"y":0.3183743357658386,"z":-1.306623935699463},"rotation":{"x":0.032105378806591037,"y":0.9531294107437134,"z":-0.1091328039765358,"w":0.28048110008239748},"size":2.012751579284668,"orthographic":false}